user1,Liam,44,Montreal,196
user1,Liam,44,Montreal,161
user1,Liam,44,Montreal,134
user1,Liam,44,Montreal,195
user1,Liam,44,Montreal,193
user1,Liam,44,Montreal,15
user1,Liam,44,Montreal,125
user1,Liam,44,Montreal,163
user1,Liam,44,Montreal,86
user1,Liam,44,Montreal,41
user2,Noah,59,Vancouver,96
user2,Noah,59,Vancouver,109
user2,Noah,59,Vancouver,33
user2,Noah,59,Vancouver,198
user2,Noah,59,Vancouver,197
user2,Noah,59,Vancouver,126
user2,Noah,59,Vancouver,164
user2,Noah,59,Vancouver,182
user2,Noah,59,Vancouver,85
user2,Noah,59,Vancouver,1
user3,Oliver,28,Montreal,173
user3,Oliver,28,Montreal,56
user3,Oliver,28,Montreal,38
user3,Oliver,28,Montreal,18
user3,Oliver,28,Montreal,90
user3,Oliver,28,Montreal,144
user3,Oliver,28,Montreal,11
user3,Oliver,28,Montreal,196
user3,Oliver,28,Montreal,8
user3,Oliver,28,Montreal,166
user4,Elijah,54,Montreal,189
user4,Elijah,54,Montreal,195
user4,Elijah,54,Montreal,196
user4,Elijah,54,Montreal,135
user4,Elijah,54,Montreal,106
user4,Elijah,54,Montreal,173
user4,Elijah,54,Montreal,76
user4,Elijah,54,Montreal,132
user4,Elijah,54,Montreal,45
user4,Elijah,54,Montreal,16
user5,James,34,Calgary,96
user5,James,34,Calgary,42
user5,James,34,Calgary,191
user5,James,34,Calgary,45
user5,James,34,Calgary,168
user5,James,34,Calgary,126
user5,James,34,Calgary,21
user5,James,34,Calgary,107
user5,James,34,Calgary,160
user5,James,34,Calgary,175
user6,William,24,Quebec City,85
user6,William,24,Quebec City,71
user6,William,24,Quebec City,36
user6,William,24,Quebec City,151
user6,William,24,Quebec City,21
user6,William,24,Quebec City,176
user6,William,24,Quebec City,44
user6,William,24,Quebec City,62
user6,William,24,Quebec City,138
user6,William,24,Quebec City,122
user7,Benjamin,47,Vancouver,119
user7,Benjamin,47,Vancouver,154
user7,Benjamin,47,Vancouver,147
user7,Benjamin,47,Vancouver,70
user7,Benjamin,47,Vancouver,46
user7,Benjamin,47,Vancouver,72
user7,Benjamin,47,Vancouver,82
user7,Benjamin,47,Vancouver,48
user7,Benjamin,47,Vancouver,74
user7,Benjamin,47,Vancouver,23
user8,Lucas,21,Ottawa,15
user8,Lucas,21,Ottawa,117
user8,Lucas,21,Ottawa,94
user8,Lucas,21,Ottawa,26
user8,Lucas,21,Ottawa,43
user8,Lucas,21,Ottawa,23
user8,Lucas,21,Ottawa,41
user8,Lucas,21,Ottawa,170
user8,Lucas,21,Ottawa,85
user8,Lucas,21,Ottawa,177
user9,Henry,27,Quebec City,106
user9,Henry,27,Quebec City,15
user9,Henry,27,Quebec City,197
user9,Henry,27,Quebec City,94
user9,Henry,27,Quebec City,119
user9,Henry,27,Quebec City,25
user9,Henry,27,Quebec City,177
user9,Henry,27,Quebec City,89
user9,Henry,27,Quebec City,167
user9,Henry,27,Quebec City,174
user10,Theodore,20,Victoria,123
user10,Theodore,20,Victoria,33
user10,Theodore,20,Victoria,100
user10,Theodore,20,Victoria,199
user10,Theodore,20,Victoria,148
user10,Theodore,20,Victoria,29
user10,Theodore,20,Victoria,11
user10,Theodore,20,Victoria,109
user10,Theodore,20,Victoria,144
user10,Theodore,20,Victoria,168
user11,Emma,44,Edmonton,43
user11,Emma,44,Edmonton,52
user11,Emma,44,Edmonton,56
user11,Emma,44,Edmonton,176
user11,Emma,44,Edmonton,66
user11,Emma,44,Edmonton,138
user11,Emma,44,Edmonton,96
user11,Emma,44,Edmonton,112
user11,Emma,44,Edmonton,145
user11,Emma,44,Edmonton,78
user12,Olivia,56,Edmonton,72
user12,Olivia,56,Edmonton,101
user12,Olivia,56,Edmonton,45
user12,Olivia,56,Edmonton,112
user12,Olivia,56,Edmonton,25
user12,Olivia,56,Edmonton,159
user12,Olivia,56,Edmonton,167
user12,Olivia,56,Edmonton,58
user12,Olivia,56,Edmonton,185
user12,Olivia,56,Edmonton,71
user13,Ava,46,Toronto,199
user13,Ava,46,Toronto,177
user13,Ava,46,Toronto,54
user13,Ava,46,Toronto,124
user13,Ava,46,Toronto,164
user13,Ava,46,Toronto,76
user13,Ava,46,Toronto,194
user13,Ava,46,Toronto,82
user13,Ava,46,Toronto,117
user13,Ava,46,Toronto,156
user14,Sophia,48,Montreal,140
user14,Sophia,48,Montreal,136
user14,Sophia,48,Montreal,24
user14,Sophia,48,Montreal,119
user14,Sophia,48,Montreal,66
user14,Sophia,48,Montreal,10
user14,Sophia,48,Montreal,196
user14,Sophia,48,Montreal,144
user14,Sophia,48,Montreal,48
user14,Sophia,48,Montreal,41
user15,Isabella,28,Ottawa,34
user15,Isabella,28,Ottawa,60
user15,Isabella,28,Ottawa,15
user15,Isabella,28,Ottawa,65
user15,Isabella,28,Ottawa,165
user15,Isabella,28,Ottawa,132
user15,Isabella,28,Ottawa,35
user15,Isabella,28,Ottawa,155
user15,Isabella,28,Ottawa,45
user15,Isabella,28,Ottawa,21
user16,Mia,41,Montreal,108
user16,Mia,41,Montreal,73
user16,Mia,41,Montreal,187
user16,Mia,41,Montreal,180
user16,Mia,41,Montreal,174
user16,Mia,41,Montreal,78
user16,Mia,41,Montreal,1
user16,Mia,41,Montreal,128
user16,Mia,41,Montreal,161
user16,Mia,41,Montreal,44
user17,Amelia,21,Ottawa,10
user17,Amelia,21,Ottawa,52
user17,Amelia,21,Ottawa,168
user17,Amelia,21,Ottawa,142
user17,Amelia,21,Ottawa,153
user17,Amelia,21,Ottawa,80
user17,Amelia,21,Ottawa,165
user17,Amelia,21,Ottawa,26
user17,Amelia,21,Ottawa,45
user17,Amelia,21,Ottawa,179
user18,Harper,36,Calgary,69
user18,Harper,36,Calgary,120
user18,Harper,36,Calgary,191
user18,Harper,36,Calgary,188
user18,Harper,36,Calgary,59
user18,Harper,36,Calgary,128
user18,Harper,36,Calgary,86
user18,Harper,36,Calgary,25
user18,Harper,36,Calgary,60
user18,Harper,36,Calgary,144
user19,Evelyn,45,Toronto,62
user19,Evelyn,45,Toronto,1
user19,Evelyn,45,Toronto,154
user19,Evelyn,45,Toronto,79
user19,Evelyn,45,Toronto,35
user19,Evelyn,45,Toronto,25
user19,Evelyn,45,Toronto,178
user19,Evelyn,45,Toronto,38
user19,Evelyn,45,Toronto,146
user19,Evelyn,45,Toronto,164
user20,Abigail,22,Ottawa,144
user20,Abigail,22,Ottawa,72
user20,Abigail,22,Ottawa,132
user20,Abigail,22,Ottawa,54
user20,Abigail,22,Ottawa,60
user20,Abigail,22,Ottawa,70
user20,Abigail,22,Ottawa,173
user20,Abigail,22,Ottawa,152
user20,Abigail,22,Ottawa,108
user20,Abigail,22,Ottawa,96
user21,Jack,46,Montreal,39
user21,Jack,46,Montreal,23
user21,Jack,46,Montreal,130
user21,Jack,46,Montreal,13
user21,Jack,46,Montreal,136
user21,Jack,46,Montreal,44
user21,Jack,46,Montreal,97
user21,Jack,46,Montreal,74
user21,Jack,46,Montreal,48
user21,Jack,46,Montreal,10
user22,Levi,46,Victoria,156
user22,Levi,46,Victoria,108
user22,Levi,46,Victoria,33
user22,Levi,46,Victoria,60
user22,Levi,46,Victoria,144
user22,Levi,46,Victoria,128
user22,Levi,46,Victoria,172
user22,Levi,46,Victoria,135
user22,Levi,46,Victoria,58
user22,Levi,46,Victoria,179
user23,Alexander,41,Toronto,97
user23,Alexander,41,Toronto,44
user23,Alexander,41,Toronto,30
user23,Alexander,41,Toronto,55
user23,Alexander,41,Toronto,3
user23,Alexander,41,Toronto,108
user23,Alexander,41,Toronto,195
user23,Alexander,41,Toronto,140
user23,Alexander,41,Toronto,174
user23,Alexander,41,Toronto,22
user24,Jackson,43,Ottawa,54
user24,Jackson,43,Ottawa,171
user24,Jackson,43,Ottawa,99
user24,Jackson,43,Ottawa,178
user24,Jackson,43,Ottawa,98
user24,Jackson,43,Ottawa,28
user24,Jackson,43,Ottawa,3
user24,Jackson,43,Ottawa,49
user24,Jackson,43,Ottawa,5
user24,Jackson,43,Ottawa,199
user25,Mateo,29,Victoria,170
user25,Mateo,29,Victoria,11
user25,Mateo,29,Victoria,162
user25,Mateo,29,Victoria,94
user25,Mateo,29,Victoria,67
user25,Mateo,29,Victoria,20
user25,Mateo,29,Victoria,182
user25,Mateo,29,Victoria,21
user25,Mateo,29,Victoria,169
user25,Mateo,29,Victoria,82
user26,Daniel,50,Victoria,42
user26,Daniel,50,Victoria,145
user26,Daniel,50,Victoria,118
user26,Daniel,50,Victoria,63
user26,Daniel,50,Victoria,52
user26,Daniel,50,Victoria,184
user26,Daniel,50,Victoria,77
user26,Daniel,50,Victoria,49
user26,Daniel,50,Victoria,170
user26,Daniel,50,Victoria,12
user27,Michael,50,Vancouver,193
user27,Michael,50,Vancouver,133
user27,Michael,50,Vancouver,31
user27,Michael,50,Vancouver,121
user27,Michael,50,Vancouver,94
user27,Michael,50,Vancouver,53
user27,Michael,50,Vancouver,119
user27,Michael,50,Vancouver,122
user27,Michael,50,Vancouver,92
user27,Michael,50,Vancouver,177
user28,Mason,47,Montreal,166
user28,Mason,47,Montreal,122
user28,Mason,47,Montreal,112
user28,Mason,47,Montreal,17
user28,Mason,47,Montreal,133
user28,Mason,47,Montreal,79
user28,Mason,47,Montreal,99
user28,Mason,47,Montreal,38
user28,Mason,47,Montreal,32
user28,Mason,47,Montreal,167
user29,Sebastian,24,Halifax,161
user29,Sebastian,24,Halifax,42
user29,Sebastian,24,Halifax,79
user29,Sebastian,24,Halifax,148
user29,Sebastian,24,Halifax,108
user29,Sebastian,24,Halifax,147
user29,Sebastian,24,Halifax,13
user29,Sebastian,24,Halifax,177
user29,Sebastian,24,Halifax,197
user29,Sebastian,24,Halifax,92
user30,Ethan,32,Victoria,115
user30,Ethan,32,Victoria,91
user30,Ethan,32,Victoria,150
user30,Ethan,32,Victoria,71
user30,Ethan,32,Victoria,7
user30,Ethan,32,Victoria,63
user30,Ethan,32,Victoria,77
user30,Ethan,32,Victoria,24
user30,Ethan,32,Victoria,128
user30,Ethan,32,Victoria,69
user31,Charlotte,32,Halifax,123
user31,Charlotte,32,Halifax,31
user31,Charlotte,32,Halifax,199
user31,Charlotte,32,Halifax,33
user31,Charlotte,32,Halifax,94
user31,Charlotte,32,Halifax,88
user31,Charlotte,32,Halifax,65
user31,Charlotte,32,Halifax,47
user31,Charlotte,32,Halifax,102
user31,Charlotte,32,Halifax,100
user32,Amelia,56,Calgary,42
user32,Amelia,56,Calgary,91
user32,Amelia,56,Calgary,32
user32,Amelia,56,Calgary,141
user32,Amelia,56,Calgary,24
user32,Amelia,56,Calgary,87
user32,Amelia,56,Calgary,13
user32,Amelia,56,Calgary,37
user32,Amelia,56,Calgary,149
user32,Amelia,56,Calgary,116
user33,Avery,35,Ottawa,116
user33,Avery,35,Ottawa,99
user33,Avery,35,Ottawa,184
user33,Avery,35,Ottawa,78
user33,Avery,35,Ottawa,140
user33,Avery,35,Ottawa,67
user33,Avery,35,Ottawa,166
user33,Avery,35,Ottawa,120
user33,Avery,35,Ottawa,64
user33,Avery,35,Ottawa,115
user34,Scarlett,42,Vancouver,66
user34,Scarlett,42,Vancouver,85
user34,Scarlett,42,Vancouver,63
user34,Scarlett,42,Vancouver,39
user34,Scarlett,42,Vancouver,147
user34,Scarlett,42,Vancouver,158
user34,Scarlett,42,Vancouver,123
user34,Scarlett,42,Vancouver,153
user34,Scarlett,42,Vancouver,99
user34,Scarlett,42,Vancouver,122
user35,Ella,59,Quebec City,120
user35,Ella,59,Quebec City,153
user35,Ella,59,Quebec City,96
user35,Ella,59,Quebec City,127
user35,Ella,59,Quebec City,39
user35,Ella,59,Quebec City,146
user35,Ella,59,Quebec City,32
user35,Ella,59,Quebec City,200
user35,Ella,59,Quebec City,88
user35,Ella,59,Quebec City,105
user36,Grace,43,Vancouver,124
user36,Grace,43,Vancouver,45
user36,Grace,43,Vancouver,127
user36,Grace,43,Vancouver,172
user36,Grace,43,Vancouver,83
user36,Grace,43,Vancouver,171
user36,Grace,43,Vancouver,97
user36,Grace,43,Vancouver,43
user36,Grace,43,Vancouver,158
user36,Grace,43,Vancouver,18
user37,Luna,39,Winnipeg,170
user37,Luna,39,Winnipeg,137
user37,Luna,39,Winnipeg,52
user37,Luna,39,Winnipeg,27
user37,Luna,39,Winnipeg,20
user37,Luna,39,Winnipeg,189
user37,Luna,39,Winnipeg,86
user37,Luna,39,Winnipeg,118
user37,Luna,39,Winnipeg,24
user37,Luna,39,Winnipeg,120
user38,Chloe,40,Vancouver,169
user38,Chloe,40,Vancouver,120
user38,Chloe,40,Vancouver,163
user38,Chloe,40,Vancouver,119
user38,Chloe,40,Vancouver,49
user38,Chloe,40,Vancouver,57
user38,Chloe,40,Vancouver,21
user38,Chloe,40,Vancouver,60
user38,Chloe,40,Vancouver,31
user38,Chloe,40,Vancouver,56
user39,Victoria,19,Winnipeg,74
user39,Victoria,19,Winnipeg,72
user39,Victoria,19,Winnipeg,134
user39,Victoria,19,Winnipeg,173
user39,Victoria,19,Winnipeg,33
user39,Victoria,19,Winnipeg,130
user39,Victoria,19,Winnipeg,125
user39,Victoria,19,Winnipeg,194
user39,Victoria,19,Winnipeg,182
user39,Victoria,19,Winnipeg,78
user40,Madison,56,Calgary,183
user40,Madison,56,Calgary,97
user40,Madison,56,Calgary,93
user40,Madison,56,Calgary,188
user40,Madison,56,Calgary,174
user40,Madison,56,Calgary,18
user40,Madison,56,Calgary,45
user40,Madison,56,Calgary,42
user40,Madison,56,Calgary,63
user40,Madison,56,Calgary,185
user41,Logan,47,Montreal,94
user41,Logan,47,Montreal,2
user41,Logan,47,Montreal,98
user41,Logan,47,Montreal,184
user41,Logan,47,Montreal,192
user41,Logan,47,Montreal,154
user41,Logan,47,Montreal,30
user41,Logan,47,Montreal,44
user41,Logan,47,Montreal,122
user41,Logan,47,Montreal,177
user42,Owen,49,Montreal,142
user42,Owen,49,Montreal,85
user42,Owen,49,Montreal,53
user42,Owen,49,Montreal,114
user42,Owen,49,Montreal,136
user42,Owen,49,Montreal,169
user42,Owen,49,Montreal,37
user42,Owen,49,Montreal,76
user42,Owen,49,Montreal,131
user42,Owen,49,Montreal,23
user43,Samuel,25,Victoria,199
user43,Samuel,25,Victoria,185
user43,Samuel,25,Victoria,167
user43,Samuel,25,Victoria,6
user43,Samuel,25,Victoria,55
user43,Samuel,25,Victoria,104
user43,Samuel,25,Victoria,125
user43,Samuel,25,Victoria,37
user43,Samuel,25,Victoria,107
user43,Samuel,25,Victoria,25
user44,Jacob,49,Halifax,147
user44,Jacob,49,Halifax,51
user44,Jacob,49,Halifax,34
user44,Jacob,49,Halifax,102
user44,Jacob,49,Halifax,151
user44,Jacob,49,Halifax,64
user44,Jacob,49,Halifax,122
user44,Jacob,49,Halifax,154
user44,Jacob,49,Halifax,15
user44,Jacob,49,Halifax,28
user45,Asher,50,Quebec City,96
user45,Asher,50,Quebec City,144
user45,Asher,50,Quebec City,145
user45,Asher,50,Quebec City,161
user45,Asher,50,Quebec City,187
user45,Asher,50,Quebec City,108
user45,Asher,50,Quebec City,78
user45,Asher,50,Quebec City,169
user45,Asher,50,Quebec City,27
user45,Asher,50,Quebec City,30
user46,Aiden,19,Victoria,174
user46,Aiden,19,Victoria,100
user46,Aiden,19,Victoria,151
user46,Aiden,19,Victoria,162
user46,Aiden,19,Victoria,183
user46,Aiden,19,Victoria,127
user46,Aiden,19,Victoria,20
user46,Aiden,19,Victoria,67
user46,Aiden,19,Victoria,190
user46,Aiden,19,Victoria,96
user47,John,57,Calgary,134
user47,John,57,Calgary,192
user47,John,57,Calgary,107
user47,John,57,Calgary,72
user47,John,57,Calgary,74
user47,John,57,Calgary,81
user47,John,57,Calgary,185
user47,John,57,Calgary,113
user47,John,57,Calgary,83
user47,John,57,Calgary,154
user48,Joseph,30,Winnipeg,178
user48,Joseph,30,Winnipeg,42
user48,Joseph,30,Winnipeg,48
user48,Joseph,30,Winnipeg,77
user48,Joseph,30,Winnipeg,148
user48,Joseph,30,Winnipeg,67
user48,Joseph,30,Winnipeg,95
user48,Joseph,30,Winnipeg,21
user48,Joseph,30,Winnipeg,135
user48,Joseph,30,Winnipeg,159
user49,Wyatt,32,Ottawa,142
user49,Wyatt,32,Ottawa,8
user49,Wyatt,32,Ottawa,9
user49,Wyatt,32,Ottawa,48
user49,Wyatt,32,Ottawa,22
user49,Wyatt,32,Ottawa,10
user49,Wyatt,32,Ottawa,144
user49,Wyatt,32,Ottawa,192
user49,Wyatt,32,Ottawa,196
user49,Wyatt,32,Ottawa,108
user50,David,26,Vancouver,120
user50,David,26,Vancouver,135
user50,David,26,Vancouver,23
user50,David,26,Vancouver,31
user50,David,26,Vancouver,139
user50,David,26,Vancouver,171
user50,David,26,Vancouver,76
user50,David,26,Vancouver,26
user50,David,26,Vancouver,37
user50,David,26,Vancouver,111
user51,Sofia,59,Toronto,16
user51,Sofia,59,Toronto,83
user51,Sofia,59,Toronto,6
user51,Sofia,59,Toronto,5
user51,Sofia,59,Toronto,103
user51,Sofia,59,Toronto,161
user51,Sofia,59,Toronto,132
user51,Sofia,59,Toronto,25
user51,Sofia,59,Toronto,100
user51,Sofia,59,Toronto,72
user52,Layla,53,Edmonton,69
user52,Layla,53,Edmonton,92
user52,Layla,53,Edmonton,187
user52,Layla,53,Edmonton,25
user52,Layla,53,Edmonton,72
user52,Layla,53,Edmonton,177
user52,Layla,53,Edmonton,96
user52,Layla,53,Edmonton,18
user52,Layla,53,Edmonton,153
user52,Layla,53,Edmonton,190
user53,Zoe,33,Edmonton,44
user53,Zoe,33,Edmonton,4
user53,Zoe,33,Edmonton,52
user53,Zoe,33,Edmonton,11
user53,Zoe,33,Edmonton,121
user53,Zoe,33,Edmonton,138
user53,Zoe,33,Edmonton,25
user53,Zoe,33,Edmonton,9
user53,Zoe,33,Edmonton,131
user53,Zoe,33,Edmonton,55
user54,Stella,30,Calgary,41
user54,Stella,30,Calgary,123
user54,Stella,30,Calgary,32
user54,Stella,30,Calgary,184
user54,Stella,30,Calgary,10
user54,Stella,30,Calgary,39
user54,Stella,30,Calgary,190
user54,Stella,30,Calgary,96
user54,Stella,30,Calgary,142
user54,Stella,30,Calgary,188
user55,Aurora,53,Toronto,91
user55,Aurora,53,Toronto,104
user55,Aurora,53,Toronto,131
user55,Aurora,53,Toronto,71
user55,Aurora,53,Toronto,61
user55,Aurora,53,Toronto,25
user55,Aurora,53,Toronto,146
user55,Aurora,53,Toronto,196
user55,Aurora,53,Toronto,12
user55,Aurora,53,Toronto,18
user56,Natalie,42,Halifax,128
user56,Natalie,42,Halifax,139
user56,Natalie,42,Halifax,98
user56,Natalie,42,Halifax,58
user56,Natalie,42,Halifax,89
user56,Natalie,42,Halifax,167
user56,Natalie,42,Halifax,126
user56,Natalie,42,Halifax,113
user56,Natalie,42,Halifax,140
user56,Natalie,42,Halifax,199
user57,Hannah,36,Vancouver,191
user57,Hannah,36,Vancouver,198
user57,Hannah,36,Vancouver,188
user57,Hannah,36,Vancouver,164
user57,Hannah,36,Vancouver,148
user57,Hannah,36,Vancouver,60
user57,Hannah,36,Vancouver,155
user57,Hannah,36,Vancouver,109
user57,Hannah,36,Vancouver,2
user57,Hannah,36,Vancouver,49
user58,Penelope,36,Quebec City,126
user58,Penelope,36,Quebec City,85
user58,Penelope,36,Quebec City,169
user58,Penelope,36,Quebec City,144
user58,Penelope,36,Quebec City,117
user58,Penelope,36,Quebec City,26
user58,Penelope,36,Quebec City,123
user58,Penelope,36,Quebec City,133
user58,Penelope,36,Quebec City,70
user58,Penelope,36,Quebec City,178
user59,Aria,35,Edmonton,105
user59,Aria,35,Edmonton,84
user59,Aria,35,Edmonton,174
user59,Aria,35,Edmonton,137
user59,Aria,35,Edmonton,17
user59,Aria,35,Edmonton,42
user59,Aria,35,Edmonton,31
user59,Aria,35,Edmonton,128
user59,Aria,35,Edmonton,6
user59,Aria,35,Edmonton,180
user60,Lily,40,Winnipeg,66
user60,Lily,40,Winnipeg,103
user60,Lily,40,Winnipeg,138
user60,Lily,40,Winnipeg,155
user60,Lily,40,Winnipeg,46
user60,Lily,40,Winnipeg,154
user60,Lily,40,Winnipeg,5
user60,Lily,40,Winnipeg,174
user60,Lily,40,Winnipeg,91
user60,Lily,40,Winnipeg,191
user61,Leo,46,Montreal,75
user61,Leo,46,Montreal,46
user61,Leo,46,Montreal,141
user61,Leo,46,Montreal,169
user61,Leo,46,Montreal,56
user61,Leo,46,Montreal,177
user61,Leo,46,Montreal,14
user61,Leo,46,Montreal,103
user61,Leo,46,Montreal,156
user61,Leo,46,Montreal,34
user62,Luke,52,Ottawa,186
user62,Luke,52,Ottawa,13
user62,Luke,52,Ottawa,162
user62,Luke,52,Ottawa,110
user62,Luke,52,Ottawa,78
user62,Luke,52,Ottawa,187
user62,Luke,52,Ottawa,23
user62,Luke,52,Ottawa,135
user62,Luke,52,Ottawa,177
user62,Luke,52,Ottawa,143
user63,Julian,50,Calgary,113
user63,Julian,50,Calgary,128
user63,Julian,50,Calgary,179
user63,Julian,50,Calgary,189
user63,Julian,50,Calgary,4
user63,Julian,50,Calgary,190
user63,Julian,50,Calgary,12
user63,Julian,50,Calgary,55
user63,Julian,50,Calgary,191
user63,Julian,50,Calgary,6
user64,Hudson,40,Montreal,192
user64,Hudson,40,Montreal,11
user64,Hudson,40,Montreal,28
user64,Hudson,40,Montreal,146
user64,Hudson,40,Montreal,143
user64,Hudson,40,Montreal,122
user64,Hudson,40,Montreal,90
user64,Hudson,40,Montreal,97
user64,Hudson,40,Montreal,21
user64,Hudson,40,Montreal,12
user65,Grayson,49,Toronto,173
user65,Grayson,49,Toronto,57
user65,Grayson,49,Toronto,76
user65,Grayson,49,Toronto,63
user65,Grayson,49,Toronto,27
user65,Grayson,49,Toronto,17
user65,Grayson,49,Toronto,68
user65,Grayson,49,Toronto,117
user65,Grayson,49,Toronto,4
user65,Grayson,49,Toronto,110
user66,Matthew,48,Quebec City,194
user66,Matthew,48,Quebec City,5
user66,Matthew,48,Quebec City,127
user66,Matthew,48,Quebec City,8
user66,Matthew,48,Quebec City,58
user66,Matthew,48,Quebec City,20
user66,Matthew,48,Quebec City,119
user66,Matthew,48,Quebec City,147
user66,Matthew,48,Quebec City,94
user66,Matthew,48,Quebec City,59
user67,Ezra,21,Edmonton,45
user67,Ezra,21,Edmonton,86
user67,Ezra,21,Edmonton,189
user67,Ezra,21,Edmonton,57
user67,Ezra,21,Edmonton,42
user67,Ezra,21,Edmonton,25
user67,Ezra,21,Edmonton,184
user67,Ezra,21,Edmonton,149
user67,Ezra,21,Edmonton,19
user67,Ezra,21,Edmonton,137
user68,Gabriel,35,Winnipeg,79
user68,Gabriel,35,Winnipeg,143
user68,Gabriel,35,Winnipeg,198
user68,Gabriel,35,Winnipeg,62
user68,Gabriel,35,Winnipeg,82
user68,Gabriel,35,Winnipeg,56
user68,Gabriel,35,Winnipeg,104
user68,Gabriel,35,Winnipeg,24
user68,Gabriel,35,Winnipeg,130
user68,Gabriel,35,Winnipeg,120
user69,Carter,29,Victoria,134
user69,Carter,29,Victoria,27
user69,Carter,29,Victoria,96
user69,Carter,29,Victoria,114
user69,Carter,29,Victoria,54
user69,Carter,29,Victoria,48
user69,Carter,29,Victoria,190
user69,Carter,29,Victoria,44
user69,Carter,29,Victoria,125
user69,Carter,29,Victoria,109
user70,Isaac,46,Calgary,150
user70,Isaac,46,Calgary,184
user70,Isaac,46,Calgary,23
user70,Isaac,46,Calgary,138
user70,Isaac,46,Calgary,29
user70,Isaac,46,Calgary,43
user70,Isaac,46,Calgary,146
user70,Isaac,46,Calgary,94
user70,Isaac,46,Calgary,112
user70,Isaac,46,Calgary,61
user71,Nora,18,Edmonton,181
user71,Nora,18,Edmonton,123
user71,Nora,18,Edmonton,27
user71,Nora,18,Edmonton,89
user71,Nora,18,Edmonton,164
user71,Nora,18,Edmonton,94
user71,Nora,18,Edmonton,145
user71,Nora,18,Edmonton,42
user71,Nora,18,Edmonton,160
user71,Nora,18,Edmonton,137
user72,Ellie,43,Montreal,52
user72,Ellie,43,Montreal,112
user72,Ellie,43,Montreal,94
user72,Ellie,43,Montreal,11
user72,Ellie,43,Montreal,72
user72,Ellie,43,Montreal,10
user72,Ellie,43,Montreal,16
user72,Ellie,43,Montreal,83
user72,Ellie,43,Montreal,140
user72,Ellie,43,Montreal,110
user73,Hazel,39,Montreal,193
user73,Hazel,39,Montreal,80
user73,Hazel,39,Montreal,132
user73,Hazel,39,Montreal,18
user73,Hazel,39,Montreal,176
user73,Hazel,39,Montreal,92
user73,Hazel,39,Montreal,112
user73,Hazel,39,Montreal,4
user73,Hazel,39,Montreal,81
user73,Hazel,39,Montreal,177
user74,Violet,35,Halifax,176
user74,Violet,35,Halifax,112
user74,Violet,35,Halifax,44
user74,Violet,35,Halifax,148
user74,Violet,35,Halifax,161
user74,Violet,35,Halifax,90
user74,Violet,35,Halifax,10
user74,Violet,35,Halifax,197
user74,Violet,35,Halifax,180
user74,Violet,35,Halifax,143
user75,Claire,18,Quebec City,25
user75,Claire,18,Quebec City,14
user75,Claire,18,Quebec City,42
user75,Claire,18,Quebec City,182
user75,Claire,18,Quebec City,136
user75,Claire,18,Quebec City,26
user75,Claire,18,Quebec City,47
user75,Claire,18,Quebec City,157
user75,Claire,18,Quebec City,177
user75,Claire,18,Quebec City,92
user76,Savannah,35,Vancouver,30
user76,Savannah,35,Vancouver,100
user76,Savannah,35,Vancouver,154
user76,Savannah,35,Vancouver,145
user76,Savannah,35,Vancouver,173
user76,Savannah,35,Vancouver,39
user76,Savannah,35,Vancouver,7
user76,Savannah,35,Vancouver,166
user76,Savannah,35,Vancouver,131
user76,Savannah,35,Vancouver,56
user77,Audrey,30,Victoria,85
user77,Audrey,30,Victoria,86
user77,Audrey,30,Victoria,24
user77,Audrey,30,Victoria,99
user77,Audrey,30,Victoria,74
user77,Audrey,30,Victoria,83
user77,Audrey,30,Victoria,2
user77,Audrey,30,Victoria,40
user77,Audrey,30,Victoria,37
user77,Audrey,30,Victoria,108
user78,Brooklyn,47,Edmonton,112
user78,Brooklyn,47,Edmonton,61
user78,Brooklyn,47,Edmonton,45
user78,Brooklyn,47,Edmonton,66
user78,Brooklyn,47,Edmonton,50
user78,Brooklyn,47,Edmonton,118
user78,Brooklyn,47,Edmonton,122
user78,Brooklyn,47,Edmonton,31
user78,Brooklyn,47,Edmonton,132
user78,Brooklyn,47,Edmonton,130
user79,Bella,18,Toronto,171
user79,Bella,18,Toronto,113
user79,Bella,18,Toronto,81
user79,Bella,18,Toronto,194
user79,Bella,18,Toronto,154
user79,Bella,18,Toronto,106
user79,Bella,18,Toronto,114
user79,Bella,18,Toronto,169
user79,Bella,18,Toronto,153
user79,Bella,18,Toronto,164
user80,Ruby,26,Edmonton,23
user80,Ruby,26,Edmonton,192
user80,Ruby,26,Edmonton,13
user80,Ruby,26,Edmonton,150
user80,Ruby,26,Edmonton,178
user80,Ruby,26,Edmonton,92
user80,Ruby,26,Edmonton,76
user80,Ruby,26,Edmonton,159
user80,Ruby,26,Edmonton,75
user80,Ruby,26,Edmonton,6
user81,Jayden,27,Quebec City,113
user81,Jayden,27,Quebec City,3
user81,Jayden,27,Quebec City,162
user81,Jayden,27,Quebec City,145
user81,Jayden,27,Quebec City,184
user81,Jayden,27,Quebec City,6
user81,Jayden,27,Quebec City,48
user81,Jayden,27,Quebec City,66
user81,Jayden,27,Quebec City,46
user81,Jayden,27,Quebec City,108
user82,Luca,36,Montreal,9
user82,Luca,36,Montreal,42
user82,Luca,36,Montreal,13
user82,Luca,36,Montreal,24
user82,Luca,36,Montreal,80
user82,Luca,36,Montreal,66
user82,Luca,36,Montreal,157
user82,Luca,36,Montreal,101
user82,Luca,36,Montreal,23
user82,Luca,36,Montreal,55
user83,Anthony,31,Montreal,66
user83,Anthony,31,Montreal,172
user83,Anthony,31,Montreal,140
user83,Anthony,31,Montreal,62
user83,Anthony,31,Montreal,166
user83,Anthony,31,Montreal,146
user83,Anthony,31,Montreal,41
user83,Anthony,31,Montreal,64
user83,Anthony,31,Montreal,149
user83,Anthony,31,Montreal,145
user84,Dylan,26,Vancouver,27
user84,Dylan,26,Vancouver,34
user84,Dylan,26,Vancouver,82
user84,Dylan,26,Vancouver,104
user84,Dylan,26,Vancouver,152
user84,Dylan,26,Vancouver,83
user84,Dylan,26,Vancouver,52
user84,Dylan,26,Vancouver,150
user84,Dylan,26,Vancouver,29
user84,Dylan,26,Vancouver,63
user85,Lincoln,44,Victoria,176
user85,Lincoln,44,Victoria,157
user85,Lincoln,44,Victoria,17
user85,Lincoln,44,Victoria,99
user85,Lincoln,44,Victoria,196
user85,Lincoln,44,Victoria,11
user85,Lincoln,44,Victoria,69
user85,Lincoln,44,Victoria,74
user85,Lincoln,44,Victoria,129
user85,Lincoln,44,Victoria,43
user86,Thomas,44,Halifax,42
user86,Thomas,44,Halifax,140
user86,Thomas,44,Halifax,157
user86,Thomas,44,Halifax,124
user86,Thomas,44,Halifax,182
user86,Thomas,44,Halifax,191
user86,Thomas,44,Halifax,180
user86,Thomas,44,Halifax,12
user86,Thomas,44,Halifax,78
user86,Thomas,44,Halifax,40
user87,Maverick,25,Vancouver,39
user87,Maverick,25,Vancouver,192
user87,Maverick,25,Vancouver,147
user87,Maverick,25,Vancouver,166
user87,Maverick,25,Vancouver,83
user87,Maverick,25,Vancouver,10
user87,Maverick,25,Vancouver,164
user87,Maverick,25,Vancouver,191
user87,Maverick,25,Vancouver,79
user87,Maverick,25,Vancouver,35
user88,Elias,53,Toronto,123
user88,Elias,53,Toronto,169
user88,Elias,53,Toronto,20
user88,Elias,53,Toronto,2
user88,Elias,53,Toronto,181
user88,Elias,53,Toronto,31
user88,Elias,53,Toronto,187
user88,Elias,53,Toronto,141
user88,Elias,53,Toronto,158
user88,Elias,53,Toronto,154
user89,Josiah,50,Halifax,86
user89,Josiah,50,Halifax,71
user89,Josiah,50,Halifax,89
user89,Josiah,50,Halifax,163
user89,Josiah,50,Halifax,30
user89,Josiah,50,Halifax,126
user89,Josiah,50,Halifax,9
user89,Josiah,50,Halifax,118
user89,Josiah,50,Halifax,184
user89,Josiah,50,Halifax,190
user90,Charles,28,Winnipeg,161
user90,Charles,28,Winnipeg,136
user90,Charles,28,Winnipeg,25
user90,Charles,28,Winnipeg,23
user90,Charles,28,Winnipeg,17
user90,Charles,28,Winnipeg,113
user90,Charles,28,Winnipeg,190
user90,Charles,28,Winnipeg,149
user90,Charles,28,Winnipeg,28
user90,Charles,28,Winnipeg,74
user91,Alice,37,Victoria,71
user91,Alice,37,Victoria,153
user91,Alice,37,Victoria,115
user91,Alice,37,Victoria,187
user91,Alice,37,Victoria,125
user91,Alice,37,Victoria,6
user91,Alice,37,Victoria,168
user91,Alice,37,Victoria,146
user91,Alice,37,Victoria,32
user91,Alice,37,Victoria,98
user92,Maya,41,Winnipeg,29
user92,Maya,41,Winnipeg,33
user92,Maya,41,Winnipeg,137
user92,Maya,41,Winnipeg,79
user92,Maya,41,Winnipeg,136
user92,Maya,41,Winnipeg,73
user92,Maya,41,Winnipeg,170
user92,Maya,41,Winnipeg,26
user92,Maya,41,Winnipeg,143
user92,Maya,41,Winnipeg,23
user93,Anna,47,Edmonton,158
user93,Anna,47,Edmonton,45
user93,Anna,47,Edmonton,109
user93,Anna,47,Edmonton,20
user93,Anna,47,Edmonton,131
user93,Anna,47,Edmonton,175
user93,Anna,47,Edmonton,195
user93,Anna,47,Edmonton,65
user93,Anna,47,Edmonton,126
user93,Anna,47,Edmonton,47
user94,Leah,35,Toronto,36
user94,Leah,35,Toronto,73
user94,Leah,35,Toronto,129
user94,Leah,35,Toronto,91
user94,Leah,35,Toronto,123
user94,Leah,35,Toronto,124
user94,Leah,35,Toronto,95
user94,Leah,35,Toronto,94
user94,Leah,35,Toronto,113
user94,Leah,35,Toronto,157
user95,Lucy,42,Montreal,30
user95,Lucy,42,Montreal,68
user95,Lucy,42,Montreal,129
user95,Lucy,42,Montreal,122
user95,Lucy,42,Montreal,116
user95,Lucy,42,Montreal,53
user95,Lucy,42,Montreal,174
user95,Lucy,42,Montreal,158
user95,Lucy,42,Montreal,16
user95,Lucy,42,Montreal,169
user96,Madeline,40,Winnipeg,171
user96,Madeline,40,Winnipeg,123
user96,Madeline,40,Winnipeg,94
user96,Madeline,40,Winnipeg,38
user96,Madeline,40,Winnipeg,145
user96,Madeline,40,Winnipeg,164
user96,Madeline,40,Winnipeg,77
user96,Madeline,40,Winnipeg,161
user96,Madeline,40,Winnipeg,7
user96,Madeline,40,Winnipeg,20
user97,Gabriella,57,Ottawa,79
user97,Gabriella,57,Ottawa,53
user97,Gabriella,57,Ottawa,10
user97,Gabriella,57,Ottawa,47
user97,Gabriella,57,Ottawa,120
user97,Gabriella,57,Ottawa,33
user97,Gabriella,57,Ottawa,163
user97,Gabriella,57,Ottawa,73
user97,Gabriella,57,Ottawa,64
user97,Gabriella,57,Ottawa,74
user98,Eva,49,Vancouver,54
user98,Eva,49,Vancouver,65
user98,Eva,49,Vancouver,31
user98,Eva,49,Vancouver,32
user98,Eva,49,Vancouver,100
user98,Eva,49,Vancouver,16
user98,Eva,49,Vancouver,83
user98,Eva,49,Vancouver,149
user98,Eva,49,Vancouver,15
user98,Eva,49,Vancouver,144
user99,Ariana,23,Toronto,37
user99,Ariana,23,Toronto,155
user99,Ariana,23,Toronto,89
user99,Ariana,23,Toronto,121
user99,Ariana,23,Toronto,76
user99,Ariana,23,Toronto,23
user99,Ariana,23,Toronto,178
user99,Ariana,23,Toronto,165
user99,Ariana,23,Toronto,101
user99,Ariana,23,Toronto,21
user100,Naomi,50,Ottawa,185
user100,Naomi,50,Ottawa,12
user100,Naomi,50,Ottawa,108
user100,Naomi,50,Ottawa,110
user100,Naomi,50,Ottawa,161
user100,Naomi,50,Ottawa,14
user100,Naomi,50,Ottawa,18
user100,Naomi,50,Ottawa,94
user100,Naomi,50,Ottawa,167
user100,Naomi,50,Ottawa,33
user101,Caleb,50,Halifax,18
user101,Caleb,50,Halifax,164
user101,Caleb,50,Halifax,125
user101,Caleb,50,Halifax,129
user101,Caleb,50,Halifax,98
user101,Caleb,50,Halifax,17
user101,Caleb,50,Halifax,151
user101,Caleb,50,Halifax,35
user101,Caleb,50,Halifax,104
user101,Caleb,50,Halifax,68
user102,Christopher,47,Montreal,164
user102,Christopher,47,Montreal,105
user102,Christopher,47,Montreal,151
user102,Christopher,47,Montreal,22
user102,Christopher,47,Montreal,18
user102,Christopher,47,Montreal,178
user102,Christopher,47,Montreal,78
user102,Christopher,47,Montreal,32
user102,Christopher,47,Montreal,24
user102,Christopher,47,Montreal,59
user103,Ezekiel,44,Halifax,154
user103,Ezekiel,44,Halifax,139
user103,Ezekiel,44,Halifax,34
user103,Ezekiel,44,Halifax,145
user103,Ezekiel,44,Halifax,148
user103,Ezekiel,44,Halifax,114
user103,Ezekiel,44,Halifax,68
user103,Ezekiel,44,Halifax,164
user103,Ezekiel,44,Halifax,14
user103,Ezekiel,44,Halifax,192
user104,Miles,45,Halifax,84
user104,Miles,45,Halifax,93
user104,Miles,45,Halifax,160
user104,Miles,45,Halifax,77
user104,Miles,45,Halifax,45
user104,Miles,45,Halifax,139
user104,Miles,45,Halifax,103
user104,Miles,45,Halifax,52
user104,Miles,45,Halifax,82
user104,Miles,45,Halifax,135
user105,Jaxon,26,Victoria,185
user105,Jaxon,26,Victoria,32
user105,Jaxon,26,Victoria,142
user105,Jaxon,26,Victoria,90
user105,Jaxon,26,Victoria,82
user105,Jaxon,26,Victoria,100
user105,Jaxon,26,Victoria,87
user105,Jaxon,26,Victoria,58
user105,Jaxon,26,Victoria,155
user105,Jaxon,26,Victoria,191
user106,Isaiah,52,Toronto,69
user106,Isaiah,52,Toronto,156
user106,Isaiah,52,Toronto,61
user106,Isaiah,52,Toronto,35
user106,Isaiah,52,Toronto,10
user106,Isaiah,52,Toronto,163
user106,Isaiah,52,Toronto,62
user106,Isaiah,52,Toronto,142
user106,Isaiah,52,Toronto,198
user106,Isaiah,52,Toronto,90
user107,Andrew,24,Victoria,114
user107,Andrew,24,Victoria,148
user107,Andrew,24,Victoria,135
user107,Andrew,24,Victoria,178
user107,Andrew,24,Victoria,9
user107,Andrew,24,Victoria,85
user107,Andrew,24,Victoria,101
user107,Andrew,24,Victoria,87
user107,Andrew,24,Victoria,187
user107,Andrew,24,Victoria,12
user108,Joshua,20,Calgary,148
user108,Joshua,20,Calgary,144
user108,Joshua,20,Calgary,66
user108,Joshua,20,Calgary,161
user108,Joshua,20,Calgary,91
user108,Joshua,20,Calgary,160
user108,Joshua,20,Calgary,115
user108,Joshua,20,Calgary,173
user108,Joshua,20,Calgary,105
user108,Joshua,20,Calgary,85
user109,Nathan,48,Toronto,177
user109,Nathan,48,Toronto,92
user109,Nathan,48,Toronto,119
user109,Nathan,48,Toronto,145
user109,Nathan,48,Toronto,154
user109,Nathan,48,Toronto,16
user109,Nathan,48,Toronto,131
user109,Nathan,48,Toronto,182
user109,Nathan,48,Toronto,86
user109,Nathan,48,Toronto,62
user110,Nolan,55,Quebec City,123
user110,Nolan,55,Quebec City,167
user110,Nolan,55,Quebec City,13
user110,Nolan,55,Quebec City,108
user110,Nolan,55,Quebec City,29
user110,Nolan,55,Quebec City,198
user110,Nolan,55,Quebec City,161
user110,Nolan,55,Quebec City,168
user110,Nolan,55,Quebec City,33
user110,Nolan,55,Quebec City,63
user111,Elena,41,Victoria,196
user111,Elena,41,Victoria,102
user111,Elena,41,Victoria,186
user111,Elena,41,Victoria,105
user111,Elena,41,Victoria,103
user111,Elena,41,Victoria,97
user111,Elena,41,Victoria,118
user111,Elena,41,Victoria,146
user111,Elena,41,Victoria,4
user111,Elena,41,Victoria,187
user112,Aubrey,44,Edmonton,146
user112,Aubrey,44,Edmonton,59
user112,Aubrey,44,Edmonton,56
user112,Aubrey,44,Edmonton,58
user112,Aubrey,44,Edmonton,89
user112,Aubrey,44,Edmonton,104
user112,Aubrey,44,Edmonton,32
user112,Aubrey,44,Edmonton,39
user112,Aubrey,44,Edmonton,169
user112,Aubrey,44,Edmonton,165
user113,Autumn,36,Montreal,99
user113,Autumn,36,Montreal,132
user113,Autumn,36,Montreal,156
user113,Autumn,36,Montreal,59
user113,Autumn,36,Montreal,22
user113,Autumn,36,Montreal,136
user113,Autumn,36,Montreal,57
user113,Autumn,36,Montreal,13
user113,Autumn,36,Montreal,120
user113,Autumn,36,Montreal,112
user114,Willow,56,Ottawa,173
user114,Willow,56,Ottawa,74
user114,Willow,56,Ottawa,11
user114,Willow,56,Ottawa,54
user114,Willow,56,Ottawa,70
user114,Willow,56,Ottawa,8
user114,Willow,56,Ottawa,134
user114,Willow,56,Ottawa,81
user114,Willow,56,Ottawa,180
user114,Willow,56,Ottawa,51
user115,Emilia,23,Halifax,8
user115,Emilia,23,Halifax,11
user115,Emilia,23,Halifax,89
user115,Emilia,23,Halifax,126
user115,Emilia,23,Halifax,110
user115,Emilia,23,Halifax,46
user115,Emilia,23,Halifax,106
user115,Emilia,23,Halifax,38
user115,Emilia,23,Halifax,148
user115,Emilia,23,Halifax,73
user116,Genesis,48,Montreal,126
user116,Genesis,48,Montreal,112
user116,Genesis,48,Montreal,156
user116,Genesis,48,Montreal,103
user116,Genesis,48,Montreal,185
user116,Genesis,48,Montreal,146
user116,Genesis,48,Montreal,91
user116,Genesis,48,Montreal,7
user116,Genesis,48,Montreal,17
user116,Genesis,48,Montreal,22
user117,Piper,33,Victoria,61
user117,Piper,33,Victoria,54
user117,Piper,33,Victoria,63
user117,Piper,33,Victoria,163
user117,Piper,33,Victoria,198
user117,Piper,33,Victoria,87
user117,Piper,33,Victoria,27
user117,Piper,33,Victoria,111
user117,Piper,33,Victoria,2
user117,Piper,33,Victoria,16
user118,Eva,30,Winnipeg,68
user118,Eva,30,Winnipeg,29
user118,Eva,30,Winnipeg,181
user118,Eva,30,Winnipeg,194
user118,Eva,30,Winnipeg,19
user118,Eva,30,Winnipeg,154
user118,Eva,30,Winnipeg,133
user118,Eva,30,Winnipeg,5
user118,Eva,30,Winnipeg,30
user118,Eva,30,Winnipeg,46
user119,Isla,40,Halifax,113
user119,Isla,40,Halifax,117
user119,Isla,40,Halifax,180
user119,Isla,40,Halifax,67
user119,Isla,40,Halifax,148
user119,Isla,40,Halifax,150
user119,Isla,40,Halifax,81
user119,Isla,40,Halifax,152
user119,Isla,40,Halifax,187
user119,Isla,40,Halifax,33
user120,Faith,52,Toronto,42
user120,Faith,52,Toronto,54
user120,Faith,52,Toronto,155
user120,Faith,52,Toronto,139
user120,Faith,52,Toronto,26
user120,Faith,52,Toronto,150
user120,Faith,52,Toronto,182
user120,Faith,52,Toronto,108
user120,Faith,52,Toronto,10
user120,Faith,52,Toronto,19
user121,Adrian,40,Edmonton,59
user121,Adrian,40,Edmonton,74
user121,Adrian,40,Edmonton,125
user121,Adrian,40,Edmonton,141
user121,Adrian,40,Edmonton,22
user121,Adrian,40,Edmonton,43
user121,Adrian,40,Edmonton,11
user121,Adrian,40,Edmonton,47
user121,Adrian,40,Edmonton,63
user121,Adrian,40,Edmonton,21
user122,Cameron,38,Calgary,196
user122,Cameron,38,Calgary,97
user122,Cameron,38,Calgary,148
user122,Cameron,38,Calgary,23
user122,Cameron,38,Calgary,140
user122,Cameron,38,Calgary,165
user122,Cameron,38,Calgary,195
user122,Cameron,38,Calgary,60
user122,Cameron,38,Calgary,181
user122,Cameron,38,Calgary,93
user123,Santiago,37,Edmonton,26
user123,Santiago,37,Edmonton,74
user123,Santiago,37,Edmonton,90
user123,Santiago,37,Edmonton,176
user123,Santiago,37,Edmonton,62
user123,Santiago,37,Edmonton,4
user123,Santiago,37,Edmonton,187
user123,Santiago,37,Edmonton,151
user123,Santiago,37,Edmonton,19
user123,Santiago,37,Edmonton,47
user124,Eli,56,Vancouver,145
user124,Eli,56,Vancouver,100
user124,Eli,56,Vancouver,172
user124,Eli,56,Vancouver,179
user124,Eli,56,Vancouver,46
user124,Eli,56,Vancouver,169
user124,Eli,56,Vancouver,95
user124,Eli,56,Vancouver,50
user124,Eli,56,Vancouver,90
user124,Eli,56,Vancouver,47
user125,Aaron,53,Victoria,200
user125,Aaron,53,Victoria,23
user125,Aaron,53,Victoria,29
user125,Aaron,53,Victoria,197
user125,Aaron,53,Victoria,181
user125,Aaron,53,Victoria,90
user125,Aaron,53,Victoria,125
user125,Aaron,53,Victoria,141
user125,Aaron,53,Victoria,78
user125,Aaron,53,Victoria,116
user126,Ryan,34,Quebec City,20
user126,Ryan,34,Quebec City,164
user126,Ryan,34,Quebec City,49
user126,Ryan,34,Quebec City,30
user126,Ryan,34,Quebec City,199
user126,Ryan,34,Quebec City,75
user126,Ryan,34,Quebec City,24
user126,Ryan,34,Quebec City,53
user126,Ryan,34,Quebec City,137
user126,Ryan,34,Quebec City,130
user127,Angel,48,Quebec City,90
user127,Angel,48,Quebec City,173
user127,Angel,48,Quebec City,18
user127,Angel,48,Quebec City,160
user127,Angel,48,Quebec City,176
user127,Angel,48,Quebec City,35
user127,Angel,48,Quebec City,113
user127,Angel,48,Quebec City,19
user127,Angel,48,Quebec City,151
user127,Angel,48,Quebec City,4
user128,Cooper,53,Halifax,189
user128,Cooper,53,Halifax,199
user128,Cooper,53,Halifax,164
user128,Cooper,53,Halifax,7
user128,Cooper,53,Halifax,188
user128,Cooper,53,Halifax,102
user128,Cooper,53,Halifax,123
user128,Cooper,53,Halifax,90
user128,Cooper,53,Halifax,162
user128,Cooper,53,Halifax,5
user129,Waylon,20,Calgary,40
user129,Waylon,20,Calgary,162
user129,Waylon,20,Calgary,52
user129,Waylon,20,Calgary,193
user129,Waylon,20,Calgary,61
user129,Waylon,20,Calgary,102
user129,Waylon,20,Calgary,129
user129,Waylon,20,Calgary,56
user129,Waylon,20,Calgary,83
user129,Waylon,20,Calgary,31
user130,Easton,26,Quebec City,23
user130,Easton,26,Quebec City,79
user130,Easton,26,Quebec City,165
user130,Easton,26,Quebec City,155
user130,Easton,26,Quebec City,195
user130,Easton,26,Quebec City,36
user130,Easton,26,Quebec City,113
user130,Easton,26,Quebec City,68
user130,Easton,26,Quebec City,28
user130,Easton,26,Quebec City,154
user131,Kinsley,35,Vancouver,20
user131,Kinsley,35,Vancouver,159
user131,Kinsley,35,Vancouver,160
user131,Kinsley,35,Vancouver,55
user131,Kinsley,35,Vancouver,63
user131,Kinsley,35,Vancouver,91
user131,Kinsley,35,Vancouver,137
user131,Kinsley,35,Vancouver,114
user131,Kinsley,35,Vancouver,13
user131,Kinsley,35,Vancouver,46
user132,Caroline,19,Calgary,85
user132,Caroline,19,Calgary,198
user132,Caroline,19,Calgary,112
user132,Caroline,19,Calgary,160
user132,Caroline,19,Calgary,165
user132,Caroline,19,Calgary,28
user132,Caroline,19,Calgary,191
user132,Caroline,19,Calgary,31
user132,Caroline,19,Calgary,71
user132,Caroline,19,Calgary,42
user133,Valentina,50,Toronto,106
user133,Valentina,50,Toronto,191
user133,Valentina,50,Toronto,55
user133,Valentina,50,Toronto,174
user133,Valentina,50,Toronto,51
user133,Valentina,50,Toronto,193
user133,Valentina,50,Toronto,169
user133,Valentina,50,Toronto,167
user133,Valentina,50,Toronto,113
user133,Valentina,50,Toronto,63
user134,Kennedy,56,Ottawa,24
user134,Kennedy,56,Ottawa,90
user134,Kennedy,56,Ottawa,173
user134,Kennedy,56,Ottawa,108
user134,Kennedy,56,Ottawa,199
user134,Kennedy,56,Ottawa,126
user134,Kennedy,56,Ottawa,159
user134,Kennedy,56,Ottawa,65
user134,Kennedy,56,Ottawa,197
user134,Kennedy,56,Ottawa,140
user135,Allison,45,Toronto,88
user135,Allison,45,Toronto,181
user135,Allison,45,Toronto,60
user135,Allison,45,Toronto,196
user135,Allison,45,Toronto,179
user135,Allison,45,Toronto,164
user135,Allison,45,Toronto,135
user135,Allison,45,Toronto,194
user135,Allison,45,Toronto,199
user135,Allison,45,Toronto,49
user136,Sadie,43,Edmonton,90
user136,Sadie,43,Edmonton,54
user136,Sadie,43,Edmonton,70
user136,Sadie,43,Edmonton,43
user136,Sadie,43,Edmonton,89
user136,Sadie,43,Edmonton,86
user136,Sadie,43,Edmonton,138
user136,Sadie,43,Edmonton,4
user136,Sadie,43,Edmonton,50
user136,Sadie,43,Edmonton,103
user137,Madelyn,58,Montreal,182
user137,Madelyn,58,Montreal,27
user137,Madelyn,58,Montreal,77
user137,Madelyn,58,Montreal,103
user137,Madelyn,58,Montreal,181
user137,Madelyn,58,Montreal,183
user137,Madelyn,58,Montreal,120
user137,Madelyn,58,Montreal,47
user137,Madelyn,58,Montreal,136
user137,Madelyn,58,Montreal,61
user138,Josephine,49,Halifax,117
user138,Josephine,49,Halifax,78
user138,Josephine,49,Halifax,140
user138,Josephine,49,Halifax,63
user138,Josephine,49,Halifax,13
user138,Josephine,49,Halifax,99
user138,Josephine,49,Halifax,139
user138,Josephine,49,Halifax,15
user138,Josephine,49,Halifax,74
user138,Josephine,49,Halifax,64
user139,Cora,18,Winnipeg,1
user139,Cora,18,Winnipeg,120
user139,Cora,18,Winnipeg,105
user139,Cora,18,Winnipeg,155
user139,Cora,18,Winnipeg,112
user139,Cora,18,Winnipeg,151
user139,Cora,18,Winnipeg,146
user139,Cora,18,Winnipeg,186
user139,Cora,18,Winnipeg,48
user139,Cora,18,Winnipeg,42
user140,Adeline,43,Quebec City,84
user140,Adeline,43,Quebec City,128
user140,Adeline,43,Quebec City,124
user140,Adeline,43,Quebec City,53
user140,Adeline,43,Quebec City,63
user140,Adeline,43,Quebec City,114
user140,Adeline,43,Quebec City,21
user140,Adeline,43,Quebec City,183
user140,Adeline,43,Quebec City,55
user140,Adeline,43,Quebec City,89
user141,Kai,38,Victoria,168
user141,Kai,38,Victoria,38
user141,Kai,38,Victoria,108
user141,Kai,38,Victoria,66
user141,Kai,38,Victoria,105
user141,Kai,38,Victoria,27
user141,Kai,38,Victoria,193
user141,Kai,38,Victoria,2
user141,Kai,38,Victoria,171
user141,Kai,38,Victoria,144
user142,Christian,18,Vancouver,106
user142,Christian,18,Vancouver,105
user142,Christian,18,Vancouver,113
user142,Christian,18,Vancouver,169
user142,Christian,18,Vancouver,123
user142,Christian,18,Vancouver,141
user142,Christian,18,Vancouver,53
user142,Christian,18,Vancouver,42
user142,Christian,18,Vancouver,127
user142,Christian,18,Vancouver,91
user143,Landon,32,Victoria,128
user143,Landon,32,Victoria,171
user143,Landon,32,Victoria,104
user143,Landon,32,Victoria,133
user143,Landon,32,Victoria,110
user143,Landon,32,Victoria,37
user143,Landon,32,Victoria,3
user143,Landon,32,Victoria,120
user143,Landon,32,Victoria,89
user143,Landon,32,Victoria,66
user144,Colton,32,Montreal,64
user144,Colton,32,Montreal,150
user144,Colton,32,Montreal,63
user144,Colton,32,Montreal,35
user144,Colton,32,Montreal,80
user144,Colton,32,Montreal,180
user144,Colton,32,Montreal,66
user144,Colton,32,Montreal,135
user144,Colton,32,Montreal,96
user144,Colton,32,Montreal,199
user145,Roman,57,Montreal,109
user145,Roman,57,Montreal,148
user145,Roman,57,Montreal,101
user145,Roman,57,Montreal,142
user145,Roman,57,Montreal,156
user145,Roman,57,Montreal,169
user145,Roman,57,Montreal,27
user145,Roman,57,Montreal,149
user145,Roman,57,Montreal,162
user145,Roman,57,Montreal,32
user146,Axel,33,Victoria,1
user146,Axel,33,Victoria,101
user146,Axel,33,Victoria,194
user146,Axel,33,Victoria,133
user146,Axel,33,Victoria,139
user146,Axel,33,Victoria,135
user146,Axel,33,Victoria,25
user146,Axel,33,Victoria,173
user146,Axel,33,Victoria,22
user146,Axel,33,Victoria,80
user147,Brooks,37,Montreal,117
user147,Brooks,37,Montreal,54
user147,Brooks,37,Montreal,116
user147,Brooks,37,Montreal,2
user147,Brooks,37,Montreal,196
user147,Brooks,37,Montreal,106
user147,Brooks,37,Montreal,190
user147,Brooks,37,Montreal,19
user147,Brooks,37,Montreal,46
user147,Brooks,37,Montreal,145
user148,Jonathan,45,Halifax,58
user148,Jonathan,45,Halifax,182
user148,Jonathan,45,Halifax,162
user148,Jonathan,45,Halifax,61
user148,Jonathan,45,Halifax,158
user148,Jonathan,45,Halifax,52
user148,Jonathan,45,Halifax,105
user148,Jonathan,45,Halifax,46
user148,Jonathan,45,Halifax,40
user148,Jonathan,45,Halifax,34
user149,Robert,46,Ottawa,39
user149,Robert,46,Ottawa,18
user149,Robert,46,Ottawa,158
user149,Robert,46,Ottawa,102
user149,Robert,46,Ottawa,80
user149,Robert,46,Ottawa,198
user149,Robert,46,Ottawa,81
user149,Robert,46,Ottawa,163
user149,Robert,46,Ottawa,83
user149,Robert,46,Ottawa,82
user150,Jameson,58,Winnipeg,47
user150,Jameson,58,Winnipeg,98
user150,Jameson,58,Winnipeg,43
user150,Jameson,58,Winnipeg,123
user150,Jameson,58,Winnipeg,97
user150,Jameson,58,Winnipeg,200
user150,Jameson,58,Winnipeg,24
user150,Jameson,58,Winnipeg,39
user150,Jameson,58,Winnipeg,31
user150,Jameson,58,Winnipeg,102
user151,Arya,33,Montreal,14
user151,Arya,33,Montreal,62
user151,Arya,33,Montreal,124
user151,Arya,33,Montreal,16
user151,Arya,33,Montreal,185
user151,Arya,33,Montreal,178
user151,Arya,33,Montreal,194
user151,Arya,33,Montreal,30
user151,Arya,33,Montreal,122
user151,Arya,33,Montreal,49
user152,Alaia,29,Winnipeg,19
user152,Alaia,29,Winnipeg,50
user152,Alaia,29,Winnipeg,29
user152,Alaia,29,Winnipeg,3
user152,Alaia,29,Winnipeg,194
user152,Alaia,29,Winnipeg,134
user152,Alaia,29,Winnipeg,183
user152,Alaia,29,Winnipeg,43
user152,Alaia,29,Winnipeg,93
user152,Alaia,29,Winnipeg,143
user153,Eliza,27,Victoria,194
user153,Eliza,27,Victoria,180
user153,Eliza,27,Victoria,173
user153,Eliza,27,Victoria,95
user153,Eliza,27,Victoria,144
user153,Eliza,27,Victoria,125
user153,Eliza,27,Victoria,69
user153,Eliza,27,Victoria,50
user153,Eliza,27,Victoria,36
user153,Eliza,27,Victoria,43
user154,Ivy,32,Toronto,72
user154,Ivy,32,Toronto,127
user154,Ivy,32,Toronto,192
user154,Ivy,32,Toronto,17
user154,Ivy,32,Toronto,29
user154,Ivy,32,Toronto,89
user154,Ivy,32,Toronto,187
user154,Ivy,32,Toronto,79
user154,Ivy,32,Toronto,169
user154,Ivy,32,Toronto,128
user155,Brielle,27,Edmonton,87
user155,Brielle,27,Edmonton,187
user155,Brielle,27,Edmonton,180
user155,Brielle,27,Edmonton,192
user155,Brielle,27,Edmonton,13
user155,Brielle,27,Edmonton,66
user155,Brielle,27,Edmonton,38
user155,Brielle,27,Edmonton,48
user155,Brielle,27,Edmonton,32
user155,Brielle,27,Edmonton,119
user156,Melody,44,Vancouver,94
user156,Melody,44,Vancouver,130
user156,Melody,44,Vancouver,133
user156,Melody,44,Vancouver,113
user156,Melody,44,Vancouver,65
user156,Melody,44,Vancouver,191
user156,Melody,44,Vancouver,187
user156,Melody,44,Vancouver,33
user156,Melody,44,Vancouver,1
user156,Melody,44,Vancouver,47
user157,Rylee,19,Edmonton,199
user157,Rylee,19,Edmonton,180
user157,Rylee,19,Edmonton,197
user157,Rylee,19,Edmonton,73
user157,Rylee,19,Edmonton,17
user157,Rylee,19,Edmonton,130
user157,Rylee,19,Edmonton,96
user157,Rylee,19,Edmonton,77
user157,Rylee,19,Edmonton,106
user157,Rylee,19,Edmonton,11
user158,Lydia,22,Winnipeg,169
user158,Lydia,22,Winnipeg,114
user158,Lydia,22,Winnipeg,46
user158,Lydia,22,Winnipeg,195
user158,Lydia,22,Winnipeg,14
user158,Lydia,22,Winnipeg,101
user158,Lydia,22,Winnipeg,184
user158,Lydia,22,Winnipeg,132
user158,Lydia,22,Winnipeg,2
user158,Lydia,22,Winnipeg,45
user159,Clara,25,Toronto,77
user159,Clara,25,Toronto,2
user159,Clara,25,Toronto,146
user159,Clara,25,Toronto,36
user159,Clara,25,Toronto,188
user159,Clara,25,Toronto,33
user159,Clara,25,Toronto,55
user159,Clara,25,Toronto,19
user159,Clara,25,Toronto,40
user159,Clara,25,Toronto,63
user160,Jade,32,Ottawa,25
user160,Jade,32,Ottawa,104
user160,Jade,32,Ottawa,22
user160,Jade,32,Ottawa,101
user160,Jade,32,Ottawa,17
user160,Jade,32,Ottawa,179
user160,Jade,32,Ottawa,158
user160,Jade,32,Ottawa,124
user160,Jade,32,Ottawa,173
user160,Jade,32,Ottawa,66
user161,Ian,23,Edmonton,2
user161,Ian,23,Edmonton,54
user161,Ian,23,Edmonton,159
user161,Ian,23,Edmonton,56
user161,Ian,23,Edmonton,187
user161,Ian,23,Edmonton,61
user161,Ian,23,Edmonton,41
user161,Ian,23,Edmonton,39
user161,Ian,23,Edmonton,66
user161,Ian,23,Edmonton,93
user162,Everett,45,Halifax,94
user162,Everett,45,Halifax,187
user162,Everett,45,Halifax,146
user162,Everett,45,Halifax,90
user162,Everett,45,Halifax,158
user162,Everett,45,Halifax,103
user162,Everett,45,Halifax,154
user162,Everett,45,Halifax,135
user162,Everett,45,Halifax,193
user162,Everett,45,Halifax,181
user163,Greyson,22,Calgary,81
user163,Greyson,22,Calgary,7
user163,Greyson,22,Calgary,184
user163,Greyson,22,Calgary,104
user163,Greyson,22,Calgary,59
user163,Greyson,22,Calgary,171
user163,Greyson,22,Calgary,70
user163,Greyson,22,Calgary,62
user163,Greyson,22,Calgary,197
user163,Greyson,22,Calgary,54
user164,Wesley,38,Toronto,51
user164,Wesley,38,Toronto,191
user164,Wesley,38,Toronto,144
user164,Wesley,38,Toronto,65
user164,Wesley,38,Toronto,9
user164,Wesley,38,Toronto,139
user164,Wesley,38,Toronto,127
user164,Wesley,38,Toronto,132
user164,Wesley,38,Toronto,134
user164,Wesley,38,Toronto,155
user165,Jeremiah,40,Vancouver,23
user165,Jeremiah,40,Vancouver,186
user165,Jeremiah,40,Vancouver,199
user165,Jeremiah,40,Vancouver,7
user165,Jeremiah,40,Vancouver,158
user165,Jeremiah,40,Vancouver,2
user165,Jeremiah,40,Vancouver,98
user165,Jeremiah,40,Vancouver,97
user165,Jeremiah,40,Vancouver,142
user165,Jeremiah,40,Vancouver,141
user166,Hunter,56,Edmonton,102
user166,Hunter,56,Edmonton,172
user166,Hunter,56,Edmonton,65
user166,Hunter,56,Edmonton,139
user166,Hunter,56,Edmonton,25
user166,Hunter,56,Edmonton,48
user166,Hunter,56,Edmonton,199
user166,Hunter,56,Edmonton,190
user166,Hunter,56,Edmonton,125
user166,Hunter,56,Edmonton,119
user167,Leonardo,32,Edmonton,175
user167,Leonardo,32,Edmonton,82
user167,Leonardo,32,Edmonton,123
user167,Leonardo,32,Edmonton,169
user167,Leonardo,32,Edmonton,160
user167,Leonardo,32,Edmonton,11
user167,Leonardo,32,Edmonton,20
user167,Leonardo,32,Edmonton,36
user167,Leonardo,32,Edmonton,164
user167,Leonardo,32,Edmonton,113
user168,Jordan,29,Winnipeg,97
user168,Jordan,29,Winnipeg,84
user168,Jordan,29,Winnipeg,70
user168,Jordan,29,Winnipeg,157
user168,Jordan,29,Winnipeg,4
user168,Jordan,29,Winnipeg,188
user168,Jordan,29,Winnipeg,65
user168,Jordan,29,Winnipeg,39
user168,Jordan,29,Winnipeg,159
user168,Jordan,29,Winnipeg,117
user169,Jose,40,Edmonton,34
user169,Jose,40,Edmonton,77
user169,Jose,40,Edmonton,139
user169,Jose,40,Edmonton,194
user169,Jose,40,Edmonton,161
user169,Jose,40,Edmonton,83
user169,Jose,40,Edmonton,69
user169,Jose,40,Edmonton,99
user169,Jose,40,Edmonton,187
user169,Jose,40,Edmonton,28
user170,Bennett,58,Winnipeg,146
user170,Bennett,58,Winnipeg,57
user170,Bennett,58,Winnipeg,134
user170,Bennett,58,Winnipeg,35
user170,Bennett,58,Winnipeg,18
user170,Bennett,58,Winnipeg,158
user170,Bennett,58,Winnipeg,171
user170,Bennett,58,Winnipeg,194
user170,Bennett,58,Winnipeg,61
user170,Bennett,58,Winnipeg,10
user171,Athena,53,Montreal,178
user171,Athena,53,Montreal,190
user171,Athena,53,Montreal,3
user171,Athena,53,Montreal,19
user171,Athena,53,Montreal,127
user171,Athena,53,Montreal,26
user171,Athena,53,Montreal,27
user171,Athena,53,Montreal,59
user171,Athena,53,Montreal,73
user171,Athena,53,Montreal,8
user172,Maria,37,Halifax,184
user172,Maria,37,Halifax,195
user172,Maria,37,Halifax,91
user172,Maria,37,Halifax,9
user172,Maria,37,Halifax,70
user172,Maria,37,Halifax,35
user172,Maria,37,Halifax,28
user172,Maria,37,Halifax,190
user172,Maria,37,Halifax,102
user172,Maria,37,Halifax,155
user173,Margaret,28,Edmonton,64
user173,Margaret,28,Edmonton,51
user173,Margaret,28,Edmonton,183
user173,Margaret,28,Edmonton,199
user173,Margaret,28,Edmonton,25
user173,Margaret,28,Edmonton,170
user173,Margaret,28,Edmonton,146
user173,Margaret,28,Edmonton,196
user173,Margaret,28,Edmonton,58
user173,Margaret,28,Edmonton,171
user174,Ximena,21,Vancouver,188
user174,Ximena,21,Vancouver,154
user174,Ximena,21,Vancouver,71
user174,Ximena,21,Vancouver,119
user174,Ximena,21,Vancouver,81
user174,Ximena,21,Vancouver,175
user174,Ximena,21,Vancouver,171
user174,Ximena,21,Vancouver,92
user174,Ximena,21,Vancouver,130
user174,Ximena,21,Vancouver,195
user175,Kaylee,56,Halifax,110
user175,Kaylee,56,Halifax,70
user175,Kaylee,56,Halifax,189
user175,Kaylee,56,Halifax,38
user175,Kaylee,56,Halifax,191
user175,Kaylee,56,Halifax,10
user175,Kaylee,56,Halifax,130
user175,Kaylee,56,Halifax,84
user175,Kaylee,56,Halifax,158
user175,Kaylee,56,Halifax,116
user176,Morgan,33,Victoria,46
user176,Morgan,33,Victoria,69
user176,Morgan,33,Victoria,59
user176,Morgan,33,Victoria,82
user176,Morgan,33,Victoria,188
user176,Morgan,33,Victoria,156
user176,Morgan,33,Victoria,5
user176,Morgan,33,Victoria,111
user176,Morgan,33,Victoria,29
user176,Morgan,33,Victoria,47
user177,Gabrielle,48,Calgary,176
user177,Gabrielle,48,Calgary,97
user177,Gabrielle,48,Calgary,67
user177,Gabrielle,48,Calgary,145
user177,Gabrielle,48,Calgary,166
user177,Gabrielle,48,Calgary,64
user177,Gabrielle,48,Calgary,71
user177,Gabrielle,48,Calgary,140
user177,Gabrielle,48,Calgary,46
user177,Gabrielle,48,Calgary,157
user178,Eden,21,Montreal,51
user178,Eden,21,Montreal,36
user178,Eden,21,Montreal,94
user178,Eden,21,Montreal,95
user178,Eden,21,Montreal,145
user178,Eden,21,Montreal,74
user178,Eden,21,Montreal,121
user178,Eden,21,Montreal,133
user178,Eden,21,Montreal,77
user178,Eden,21,Montreal,76
user179,Remi,24,Toronto,9
user179,Remi,24,Toronto,114
user179,Remi,24,Toronto,172
user179,Remi,24,Toronto,191
user179,Remi,24,Toronto,183
user179,Remi,24,Toronto,95
user179,Remi,24,Toronto,54
user179,Remi,24,Toronto,33
user179,Remi,24,Toronto,43
user179,Remi,24,Toronto,18
user180,Samantha,31,Calgary,143
user180,Samantha,31,Calgary,99
user180,Samantha,31,Calgary,91
user180,Samantha,31,Calgary,103
user180,Samantha,31,Calgary,171
user180,Samantha,31,Calgary,194
user180,Samantha,31,Calgary,44
user180,Samantha,31,Calgary,23
user180,Samantha,31,Calgary,169
user180,Samantha,31,Calgary,116
user181,Evelyn,33,Edmonton,101
user181,Evelyn,33,Edmonton,140
user181,Evelyn,33,Edmonton,113
user181,Evelyn,33,Edmonton,40
user181,Evelyn,33,Edmonton,161
user181,Evelyn,33,Edmonton,154
user181,Evelyn,33,Edmonton,137
user181,Evelyn,33,Edmonton,184
user181,Evelyn,33,Edmonton,126
user181,Evelyn,33,Edmonton,68
user182,Camila,37,Quebec City,130
user182,Camila,37,Quebec City,108
user182,Camila,37,Quebec City,64
user182,Camila,37,Quebec City,98
user182,Camila,37,Quebec City,27
user182,Camila,37,Quebec City,45
user182,Camila,37,Quebec City,60
user182,Camila,37,Quebec City,10
user182,Camila,37,Quebec City,119
user182,Camila,37,Quebec City,156
user183,Madelyn,43,Halifax,108
user183,Madelyn,43,Halifax,28
user183,Madelyn,43,Halifax,51
user183,Madelyn,43,Halifax,167
user183,Madelyn,43,Halifax,58
user183,Madelyn,43,Halifax,200
user183,Madelyn,43,Halifax,93
user183,Madelyn,43,Halifax,55
user183,Madelyn,43,Halifax,89
user183,Madelyn,43,Halifax,45
user184,Amara,38,Toronto,16
user184,Amara,38,Toronto,88
user184,Amara,38,Toronto,147
user184,Amara,38,Toronto,136
user184,Amara,38,Toronto,168
user184,Amara,38,Toronto,85
user184,Amara,38,Toronto,80
user184,Amara,38,Toronto,146
user184,Amara,38,Toronto,116
user184,Amara,38,Toronto,24
user185,Mila,48,Calgary,109
user185,Mila,48,Calgary,55
user185,Mila,48,Calgary,64
user185,Mila,48,Calgary,165
user185,Mila,48,Calgary,111
user185,Mila,48,Calgary,119
user185,Mila,48,Calgary,191
user185,Mila,48,Calgary,49
user185,Mila,48,Calgary,194
user185,Mila,48,Calgary,50
user186,Ruby,26,Halifax,43
user186,Ruby,26,Halifax,62
user186,Ruby,26,Halifax,59
user186,Ruby,26,Halifax,128
user186,Ruby,26,Halifax,148
user186,Ruby,26,Halifax,164
user186,Ruby,26,Halifax,198
user186,Ruby,26,Halifax,108
user186,Ruby,26,Halifax,16
user186,Ruby,26,Halifax,144
user187,Samantha,51,Halifax,169
user187,Samantha,51,Halifax,13
user187,Samantha,51,Halifax,18
user187,Samantha,51,Halifax,174
user187,Samantha,51,Halifax,147
user187,Samantha,51,Halifax,15
user187,Samantha,51,Halifax,86
user187,Samantha,51,Halifax,35
user187,Samantha,51,Halifax,151
user187,Samantha,51,Halifax,126
user188,Isabelle,58,Edmonton,151
user188,Isabelle,58,Edmonton,147
user188,Isabelle,58,Edmonton,58
user188,Isabelle,58,Edmonton,131
user188,Isabelle,58,Edmonton,60
user188,Isabelle,58,Edmonton,62
user188,Isabelle,58,Edmonton,126
user188,Isabelle,58,Edmonton,108
user188,Isabelle,58,Edmonton,31
user188,Isabelle,58,Edmonton,116
user189,Kylie,40,Vancouver,81
user189,Kylie,40,Vancouver,40
user189,Kylie,40,Vancouver,129
user189,Kylie,40,Vancouver,44
user189,Kylie,40,Vancouver,75
user189,Kylie,40,Vancouver,31
user189,Kylie,40,Vancouver,18
user189,Kylie,40,Vancouver,56
user189,Kylie,40,Vancouver,157
user189,Kylie,40,Vancouver,63
user190,Megan,34,Quebec City,164
user190,Megan,34,Quebec City,103
user190,Megan,34,Quebec City,112
user190,Megan,34,Quebec City,79
user190,Megan,34,Quebec City,141
user190,Megan,34,Quebec City,176
user190,Megan,34,Quebec City,14
user190,Megan,34,Quebec City,144
user190,Megan,34,Quebec City,46
user190,Megan,34,Quebec City,156
user191,Grace,24,Montreal,141
user191,Grace,24,Montreal,199
user191,Grace,24,Montreal,7
user191,Grace,24,Montreal,11
user191,Grace,24,Montreal,167
user191,Grace,24,Montreal,187
user191,Grace,24,Montreal,140
user191,Grace,24,Montreal,17
user191,Grace,24,Montreal,183
user191,Grace,24,Montreal,36
user192,Alyssa,52,Quebec City,54
user192,Alyssa,52,Quebec City,56
user192,Alyssa,52,Quebec City,31
user192,Alyssa,52,Quebec City,8
user192,Alyssa,52,Quebec City,105
user192,Alyssa,52,Quebec City,96
user192,Alyssa,52,Quebec City,5
user192,Alyssa,52,Quebec City,114
user192,Alyssa,52,Quebec City,136
user192,Alyssa,52,Quebec City,89
user193,Harper,37,Ottawa,64
user193,Harper,37,Ottawa,58
user193,Harper,37,Ottawa,86
user193,Harper,37,Ottawa,88
user193,Harper,37,Ottawa,138
user193,Harper,37,Ottawa,189
user193,Harper,37,Ottawa,59
user193,Harper,37,Ottawa,149
user193,Harper,37,Ottawa,36
user193,Harper,37,Ottawa,24
user194,Brianna,20,Montreal,189
user194,Brianna,20,Montreal,56
user194,Brianna,20,Montreal,186
user194,Brianna,20,Montreal,185
user194,Brianna,20,Montreal,45
user194,Brianna,20,Montreal,37
user194,Brianna,20,Montreal,128
user194,Brianna,20,Montreal,115
user194,Brianna,20,Montreal,27
user194,Brianna,20,Montreal,46
user195,Lauren,59,Ottawa,4
user195,Lauren,59,Ottawa,12
user195,Lauren,59,Ottawa,102
user195,Lauren,59,Ottawa,92
user195,Lauren,59,Ottawa,21
user195,Lauren,59,Ottawa,52
user195,Lauren,59,Ottawa,86
user195,Lauren,59,Ottawa,84
user195,Lauren,59,Ottawa,27
user195,Lauren,59,Ottawa,96
user196,Paige,47,Victoria,109
user196,Paige,47,Victoria,38
user196,Paige,47,Victoria,60
user196,Paige,47,Victoria,114
user196,Paige,47,Victoria,56
user196,Paige,47,Victoria,31
user196,Paige,47,Victoria,105
user196,Paige,47,Victoria,86
user196,Paige,47,Victoria,59
user196,Paige,47,Victoria,113
user197,Serena,48,Edmonton,193
user197,Serena,48,Edmonton,168
user197,Serena,48,Edmonton,9
user197,Serena,48,Edmonton,120
user197,Serena,48,Edmonton,172
user197,Serena,48,Edmonton,80
user197,Serena,48,Edmonton,49
user197,Serena,48,Edmonton,100
user197,Serena,48,Edmonton,110
user197,Serena,48,Edmonton,111
user198,Vanessa,42,Vancouver,118
user198,Vanessa,42,Vancouver,92
user198,Vanessa,42,Vancouver,70
user198,Vanessa,42,Vancouver,197
user198,Vanessa,42,Vancouver,135
user198,Vanessa,42,Vancouver,9
user198,Vanessa,42,Vancouver,164
user198,Vanessa,42,Vancouver,59
user198,Vanessa,42,Vancouver,22
user198,Vanessa,42,Vancouver,155
user199,Addison,37,Toronto,69
user199,Addison,37,Toronto,59
user199,Addison,37,Toronto,10
user199,Addison,37,Toronto,185
user199,Addison,37,Toronto,78
user199,Addison,37,Toronto,175
user199,Addison,37,Toronto,183
user199,Addison,37,Toronto,115
user199,Addison,37,Toronto,118
user199,Addison,37,Toronto,7
user200,Michelle,34,Ottawa,27
user200,Michelle,34,Ottawa,8
user200,Michelle,34,Ottawa,168
user200,Michelle,34,Ottawa,49
user200,Michelle,34,Ottawa,163
user200,Michelle,34,Ottawa,135
user200,Michelle,34,Ottawa,143
user200,Michelle,34,Ottawa,84
user200,Michelle,34,Ottawa,80
user200,Michelle,34,Ottawa,169
